image,model,count,best_score,infer_ms
entire.jpg,scrfd_person_2.5g,1,0.424883,62.655
entire.jpg,yolov5,1,0.891832,3752.621
entire1.jpg,scrfd_person_2.5g,1,0.357921,78.403
entire1.jpg,yolov5,1,0.887383,15.735
entire10.jpg,scrfd_person_2.5g,1,0.361665,106.618
entire10.jpg,yolov5,2,0.915243,40.918
entire11.jpg,scrfd_person_2.5g,0,0.000000,179.255
entire11.jpg,yolov5,2,0.843329,38.931
entire12.jpg,scrfd_person_2.5g,1,0.378871,113.851
entire12.jpg,yolov5,1,0.897353,13.694
entire13.jpg,scrfd_person_2.5g,0,0.000000,248.978
entire13.jpg,yolov5,1,0.923224,42.050
entire14.jpg,scrfd_person_2.5g,2,0.384409,51.983
entire14.jpg,yolov5,2,0.900032,23.033
entire15.jpg,scrfd_person_2.5g,0,0.000000,79.079
entire15.jpg,yolov5,1,0.845643,12.920
entire16.jpg,scrfd_person_2.5g,2,0.598492,132.763
entire16.jpg,yolov5,2,0.847775,25.593
entire17.jpg,scrfd_person_2.5g,0,0.000000,70.670
entire17.jpg,yolov5,1,0.912584,22.203
entire18.jpg,scrfd_person_2.5g,2,0.535110,96.686
entire18.jpg,yolov5,2,0.881151,16.094
entire19.jpg,scrfd_person_2.5g,2,0.599347,72.365
entire19.jpg,yolov5,2,0.870189,19.178
entire2.jpg,scrfd_person_2.5g,1,0.362491,53.034
entire2.jpg,yolov5,1,0.878988,20.266
entire20.jpg,scrfd_person_2.5g,1,0.592659,56.886
entire20.jpg,yolov5,3,0.894359,13.563
entire21.jpg,scrfd_person_2.5g,1,0.362491,67.685
entire21.jpg,yolov5,1,0.878988,20.026
entire22.jpg,scrfd_person_2.5g,1,0.518056,470.991
entire22.jpg,yolov5,2,0.857479,61.754
entire23.jpg,scrfd_person_2.5g,0,0.000000,48.109
entire23.jpg,yolov5,1,0.899098,20.860
entire24.jpg,scrfd_person_2.5g,0,0.000000,45.398
entire24.jpg,yolov5,2,0.850679,18.454
entire3.jpg,scrfd_person_2.5g,1,0.424883,47.319
entire3.jpg,yolov5,1,0.891832,16.476
entire4.jpg,scrfd_person_2.5g,1,0.518056,56.743
entire4.jpg,yolov5,2,0.857479,26.286
entire5.jpg,scrfd_person_2.5g,0,0.000000,104.321
entire5.jpg,yolov5,1,0.899098,40.702
entire6.jpg,scrfd_person_2.5g,2,0.597299,49.892
entire6.jpg,yolov5,3,0.840396,17.255
entire7.jpg,scrfd_person_2.5g,0,0.000000,57.727
entire7.jpg,yolov5,1,0.888804,17.701
entire8.jpg,scrfd_person_2.5g,0,0.000000,49.777
entire8.jpg,yolov5,1,0.904890,23.211
entire9.jpg,scrfd_person_2.5g,0,0.000000,44.297
entire9.jpg,yolov5,1,0.893539,29.930
